year, state, state_id, district_panchayat, district_panchayat_id, block_panchayat, block_panchayat_id, village_panchayat, village_panchayat_id, village_panchayat_budget_id, category, sctied, sttied, generaltied, totaltied, scuntied, stuntied, generaluntied, totaluntied
2018, MADHYA PRADESH, 23, DEWAS, 361, TONK KHURD, 4178, KHEDIRAJPURA, 137178, 1974422, Roads, 0, 0, 0, 0, 0, 0, 343255, 343255
2018, MADHYA PRADESH, 23, DEWAS, 361, TONK KHURD, 4178, KHEDIRAJPURA, 137178, 1974422, Total, 0, 0, 0, 0, 0, 0, 343255, 343255
2018, MADHYA PRADESH, 23, KATNI, 372, BADWARA, 4248, Banehra, 141636, 1991812, Fisheries, 0, 0, 0, 0, 200000, 200000, 200000, 600000
2018, MADHYA PRADESH, 23, KATNI, 372, BADWARA, 4248, Banehra, 141636, 1991812, GP Office Infrastructure, 0, 0, 0, 0, 300000, 400000, 300000, 1000000
2018, MADHYA PRADESH, 23, KATNI, 372, BADWARA, 4248, Banehra, 141636, 1991812, Social welfare, 0, 0, 0, 0, 150000, 200000, 150000, 500000
2018, MADHYA PRADESH, 23, KATNI, 372, BADWARA, 4248, Banehra, 141636, 1991812, Total, 0, 0, 0, 0, 650000, 800000, 650000, 2100000
2018, MADHYA PRADESH, 23, KATNI, 372, DHEEMERKHEDA, 4250, Parsel, 141832, 2006421, Land improvement, 0, 0, 0, 0, 2600000, 0, 0, 2600000
2018, MADHYA PRADESH, 23, KATNI, 372, DHEEMERKHEDA, 4250, Parsel, 141832, 2006421, Roads, 0, 0, 0, 0, 1000000, 0, 0, 1000000
2018, MADHYA PRADESH, 23, KATNI, 372, DHEEMERKHEDA, 4250, Parsel, 141832, 2006421, Total, 0, 0, 0, 0, 3600000, 0, 0, 3600000
2018, MADHYA PRADESH, 23, PANNA, 379, GUNOUR, 4294, BILHASURDAHA, 144828, 2012429, Roads, 0, 0, 390150, 390150, 568850, 0, 1000000, 1568850
2018, MADHYA PRADESH, 23, PANNA, 379, GUNOUR, 4294, BILHASURDAHA, 144828, 2012429, Total, 0, 0, 390150, 390150, 568850, 0, 1000000, 1568850
2018, MADHYA PRADESH, 23, RATLAM, 382, ALOT, 4311, ASAWATA, 146270, 2008739, Agriculture, 0, 0, 0, 0, 0, 0, 2673000, 2673000
2018, MADHYA PRADESH, 23, RATLAM, 382, ALOT, 4311, ASAWATA, 146270, 2008739, Drinking water, 0, 0, 0, 0, 0, 0, 550000, 550000
2018, MADHYA PRADESH, 23, RATLAM, 382, ALOT, 4311, ASAWATA, 146270, 2008739, Roads, 0, 0, 0, 0, 0, 0, 400000, 400000
2018, MADHYA PRADESH, 23, RATLAM, 382, ALOT, 4311, ASAWATA, 146270, 2008739, Rural housing, 0, 0, 0, 0, 0, 0, 200000, 200000
2018, MADHYA PRADESH, 23, RATLAM, 382, ALOT, 4311, ASAWATA, 146270, 2008739, Total, 0, 0, 0, 0, 0, 0, 4603000, 4603000
2018, MADHYA PRADESH, 23, RATLAM, 382, ALOT, 4311, ASAWATA, 146270, 2008739, Women and child development, 0, 0, 0, 0, 0, 0, 780000, 780000
2018, MADHYA PRADESH, 23, RATLAM, 382, ALOT, 4311, BISALKHEDA, 146282, 2015670, Drinking water, 0, 0, 0, 0, 0, 0, 460000, 460000
2018, MADHYA PRADESH, 23, RATLAM, 382, ALOT, 4311, BISALKHEDA, 146282, 2015670, Roads, 0, 0, 0, 0, 0, 0, 700000, 700000
2018, MADHYA PRADESH, 23, RATLAM, 382, ALOT, 4311, BISALKHEDA, 146282, 2015670, Social welfare, 0, 0, 0, 0, 0, 0, 900000, 900000
2018, MADHYA PRADESH, 23, RATLAM, 382, ALOT, 4311, BISALKHEDA, 146282, 2015670, Total, 0, 0, 0, 0, 0, 0, 2060000, 2060000
2018, MADHYA PRADESH, 23, RATLAM, 382, ALOT, 4311, DHAROLA, 146288, 2022893, Agriculture, 0, 0, 0, 0, 0, 0, 995000, 995000
2018, MADHYA PRADESH, 23, RATLAM, 382, ALOT, 4311, DHAROLA, 146288, 2022893, Drinking water, 0, 0, 0, 0, 0, 0, 200000, 200000
2018, MADHYA PRADESH, 23, RATLAM, 382, ALOT, 4311, DHAROLA, 146288, 2022893, Roads, 0, 0, 0, 0, 0, 0, 400000, 400000
2018, MADHYA PRADESH, 23, RATLAM, 382, ALOT, 4311, DHAROLA, 146288, 2022893, Total, 0, 0, 0, 0, 0, 0, 1595000, 1595000
2018, MADHYA PRADESH, 23, RATLAM, 382, ALOT, 4311, GOYAL, 146291, 2020851, Agriculture, 0, 0, 0, 0, 0, 0, 420000, 420000
2018, MADHYA PRADESH, 23, RATLAM, 382, ALOT, 4311, GOYAL, 146291, 2020851, Roads, 0, 0, 0, 0, 0, 0, 510000, 510000
2018, MADHYA PRADESH, 23, RATLAM, 382, ALOT, 4311, GOYAL, 146291, 2020851, Rural housing, 0, 0, 0, 0, 0, 0, 840000, 840000
2018, MADHYA PRADESH, 23, RATLAM, 382, ALOT, 4311, GOYAL, 146291, 2020851, Total, 0, 0, 0, 0, 0, 0, 1770000, 1770000
2018, MADHYA PRADESH, 23, RATLAM, 382, ALOT, 4311, JAMUNIYA SHANKAR, 146298, 2005708, Agriculture, 0, 0, 0, 0, 0, 0, 2100000, 2100000
2018, MADHYA PRADESH, 23, RATLAM, 382, ALOT, 4311, JAMUNIYA SHANKAR, 146298, 2005708, Public distribution system, 0, 0, 0, 0, 0, 0, 1100000, 1100000
2018, MADHYA PRADESH, 23, RATLAM, 382, ALOT, 4311, JAMUNIYA SHANKAR, 146298, 2005708, Roads, 0, 0, 0, 0, 0, 0, 1017750, 1017750
2018, MADHYA PRADESH, 23, RATLAM, 382, ALOT, 4311, JAMUNIYA SHANKAR, 146298, 2005708, Total, 0, 0, 0, 0, 0, 0, 4217750, 4217750
2018, MADHYA PRADESH, 23, RATLAM, 382, ALOT, 4311, KARWAKHEDI, 146306, 2011736, Drinking water, 0, 0, 0, 0, 0, 0, 319000, 319000
2018, MADHYA PRADESH, 23, RATLAM, 382, ALOT, 4311, KARWAKHEDI, 146306, 2011736, Roads, 0, 0, 0, 0, 0, 0, 3073000, 3073000
2018, MADHYA PRADESH, 23, RATLAM, 382, ALOT, 4311, KARWAKHEDI, 146306, 2011736, Total, 0, 0, 0, 0, 0, 0, 4707000, 4707000
2018, MADHYA PRADESH, 23, RATLAM, 382, ALOT, 4311, KARWAKHEDI, 146306, 2011736, Water Conservation, 0, 0, 0, 0, 0, 0, 535000, 535000
2018, MADHYA PRADESH, 23, RATLAM, 382, ALOT, 4311, KARWAKHEDI, 146306, 2011736, Women and child development, 0, 0, 0, 0, 0, 0, 780000, 780000
2018, MADHYA PRADESH, 23, RATLAM, 382, ALOT, 4311, KHAMRIYA, 146310, 2007794, Agriculture, 0, 0, 0, 0, 0, 0, 1710000, 1710000
2018, MADHYA PRADESH, 23, RATLAM, 382, ALOT, 4311, KHAMRIYA, 146310, 2007794, GP Office Infrastructure, 0, 0, 0, 0, 0, 0, 210000, 210000
2018, MADHYA PRADESH, 23, RATLAM, 382, ALOT, 4311, KHAMRIYA, 146310, 2007794, Land improvement, 0, 0, 0, 0, 0, 0, 1500000, 1500000
2018, MADHYA PRADESH, 23, RATLAM, 382, ALOT, 4311, KHAMRIYA, 146310, 2007794, Roads, 0, 0, 0, 0, 0, 0, 354375, 354375
2018, MADHYA PRADESH, 23, RATLAM, 382, ALOT, 4311, KHAMRIYA, 146310, 2007794, Total, 0, 0, 0, 0, 0, 0, 4109375, 4109375
2018, MADHYA PRADESH, 23, RATLAM, 382, ALOT, 4311, KHAMRIYA, 146310, 2007794, Water Conservation, 0, 0, 0, 0, 0, 0, 335000, 335000
2018, MADHYA PRADESH, 23, RATLAM, 382, ALOT, 4311, MUNDLAKALA, 146332, 2139843, Agriculture, 0, 0, 0, 0, 0, 0, 690000, 690000
2018, MADHYA PRADESH, 23, RATLAM, 382, ALOT, 4311, MUNDLAKALA, 146332, 2139843, Drinking water, 0, 0, 0, 0, 0, 0, 200000, 200000
2018, MADHYA PRADESH, 23, RATLAM, 382, ALOT, 4311, MUNDLAKALA, 146332, 2139843, Roads, 0, 0, 0, 0, 0, 0, 3464800, 3464800
2018, MADHYA PRADESH, 23, RATLAM, 382, ALOT, 4311, MUNDLAKALA, 146332, 2139843, Social welfare, 0, 0, 0, 0, 0, 0, 801000, 801000
2018, MADHYA PRADESH, 23, RATLAM, 382, ALOT, 4311, MUNDLAKALA, 146332, 2139843, Total, 0, 0, 0, 0, 0, 0, 5155800, 5155800
2018, MADHYA PRADESH, 23, RATLAM, 382, ALOT, 4311, THURIA, 146356, 2009644, Roads, 0, 0, 0, 0, 0, 0, 727000, 727000
2018, MADHYA PRADESH, 23, RATLAM, 382, ALOT, 4311, THURIA, 146356, 2009644, Total, 0, 0, 0, 0, 0, 0, 2782000, 2782000
2018, MADHYA PRADESH, 23, RATLAM, 382, ALOT, 4311, THURIA, 146356, 2009644, Water Conservation, 0, 0, 0, 0, 0, 0, 1605000, 1605000
2018, MADHYA PRADESH, 23, RATLAM, 382, ALOT, 4311, THURIA, 146356, 2009644, Women and child development, 0, 0, 0, 0, 0, 0, 450000, 450000
2018, MADHYA PRADESH, 23, RATLAM, 382, BAJNA, 4312, BEED, 146363, 1970843, Agriculture, 0, 0, 0, 0, 0, 400000, 0, 400000
2018, MADHYA PRADESH, 23, RATLAM, 382, BAJNA, 4312, BEED, 146363, 1970843, Drinking water, 0, 0, 0, 0, 0, 0, 400000, 400000
2018, MADHYA PRADESH, 23, RATLAM, 382, BAJNA, 4312, BEED, 146363, 1970843, Roads, 0, 0, 0, 0, 0, 400000, 2000000, 2400000
2018, MADHYA PRADESH, 23, RATLAM, 382, BAJNA, 4312, BEED, 146363, 1970843, Total, 0, 0, 0, 0, 0, 800000, 2400000, 3200000
2018, MADHYA PRADESH, 23, RATLAM, 382, BAJNA, 4312, DETHLA, 146376, 1970787, Agriculture, 0, 0, 0, 0, 0, 550000, 0, 550000
2018, MADHYA PRADESH, 23, RATLAM, 382, BAJNA, 4312, DETHLA, 146376, 1970787, Total, 0, 0, 0, 0, 0, 550000, 0, 550000
2018, MADHYA PRADESH, 23, RATLAM, 382, BAJNA, 4312, SINGAT, 146417, 2012499, Agriculture, 0, 0, 0, 0, 0, 0, 500000, 500000
2018, MADHYA PRADESH, 23, RATLAM, 382, BAJNA, 4312, SINGAT, 146417, 2012499, Land improvement, 0, 0, 0, 0, 0, 0, 200000, 200000
2018, MADHYA PRADESH, 23, RATLAM, 382, BAJNA, 4312, SINGAT, 146417, 2012499, Roads, 0, 0, 0, 0, 0, 0, 3064000, 3064000
2018, MADHYA PRADESH, 23, RATLAM, 382, BAJNA, 4312, SINGAT, 146417, 2012499, Total, 0, 0, 0, 0, 0, 600000, 3764000, 4364000
2018, MADHYA PRADESH, 23, RATLAM, 382, BAJNA, 4312, SINGAT, 146417, 2012499, Water Conservation, 0, 0, 0, 0, 0, 600000, 0, 600000
2018, MADHYA PRADESH, 23, RATLAM, 382, PIPLODA, 4314, CHIKLANA, 146503, 2028311, Land improvement, 0, 0, 0, 0, 0, 0, 1124000, 1124000
2018, MADHYA PRADESH, 23, RATLAM, 382, PIPLODA, 4314, CHIKLANA, 146503, 2028311, Roads, 0, 0, 0, 0, 0, 0, 3966000, 3966000
2018, MADHYA PRADESH, 23, RATLAM, 382, PIPLODA, 4314, CHIKLANA, 146503, 2028311, Total, 0, 0, 0, 0, 0, 0, 5090000, 5090000
2018, MADHYA PRADESH, 23, RATLAM, 382, PIPLODA, 4314, PINGRALA, 146529, 1984676, Agriculture, 0, 0, 0, 0, 0, 0, 1080000, 1080000
2018, MADHYA PRADESH, 23, RATLAM, 382, PIPLODA, 4314, PINGRALA, 146529, 1984676, Roads, 0, 0, 0, 0, 0, 0, 4452500, 4452500
2018, MADHYA PRADESH, 23, RATLAM, 382, PIPLODA, 4314, PINGRALA, 146529, 1984676, Total, 0, 0, 0, 0, 0, 0, 5532500, 5532500
2018, MADHYA PRADESH, 23, RATLAM, 382, RATLAM, 4315, ALNIYA, 146543, 2003213, Total, 0, 0, 0, 0, 0, 0, 1068000, 1068000
2018, MADHYA PRADESH, 23, RATLAM, 382, RATLAM, 4315, ALNIYA, 146543, 2003213, Water Conservation, 0, 0, 0, 0, 0, 0, 1068000, 1068000
2018, MADHYA PRADESH, 23, RATLAM, 382, RATLAM, 4315, AMLETA, 146545, 2008007, Land improvement, 0, 0, 0, 0, 0, 0, 500000, 500000
2018, MADHYA PRADESH, 23, RATLAM, 382, RATLAM, 4315, AMLETA, 146545, 2008007, Roads, 0, 0, 0, 0, 0, 0, 1820000, 1820000
2018, MADHYA PRADESH, 23, RATLAM, 382, RATLAM, 4315, AMLETA, 146545, 2008007, Total, 0, 0, 0, 0, 0, 0, 2320000, 2320000
2018, MADHYA PRADESH, 23, RATLAM, 382, RATLAM, 4315, BANGROD, 146548, 2007940, Agriculture, 0, 0, 0, 0, 88000, 0, 1070000, 1158000
2018, MADHYA PRADESH, 23, RATLAM, 382, RATLAM, 4315, BANGROD, 146548, 2007940, Cultural activities, 0, 0, 0, 0, 0, 0, 2000000, 2000000
2018, MADHYA PRADESH, 23, RATLAM, 382, RATLAM, 4315, BANGROD, 146548, 2007940, Education, 0, 0, 0, 0, 0, 0, 300000, 300000
2018, MADHYA PRADESH, 23, RATLAM, 382, RATLAM, 4315, BANGROD, 146548, 2007940, Roads, 0, 0, 0, 0, 4707500, 0, 1038202, 5745702
2018, MADHYA PRADESH, 23, RATLAM, 382, RATLAM, 4315, BANGROD, 146548, 2007940, Total, 0, 0, 0, 0, 4795500, 0, 4408202, 9203702
2018, MADHYA PRADESH, 23, RATLAM, 382, RATLAM, 4315, BANJALI, 146550, 1985075, Roads, 0, 0, 0, 0, 0, 0, 1300000, 1300000
2018, MADHYA PRADESH, 23, RATLAM, 382, RATLAM, 4315, BANJALI, 146550, 1985075, Total, 0, 0, 0, 0, 0, 0, 1500000, 1500000
2018, MADHYA PRADESH, 23, RATLAM, 382, RATLAM, 4315, BANJALI, 146550, 1985075, Water Conservation, 0, 0, 0, 0, 0, 0, 200000, 200000
2018, MADHYA PRADESH, 23, RATLAM, 382, RATLAM, 4315, BARBODANA, 146552, 2005792, Agriculture, 0, 0, 0, 0, 0, 0, 1200000, 1200000
2018, MADHYA PRADESH, 23, RATLAM, 382, RATLAM, 4315, BARBODANA, 146552, 2005792, Drinking water, 0, 0, 0, 0, 0, 0, 690000, 690000
2018, MADHYA PRADESH, 23, RATLAM, 382, RATLAM, 4315, BARBODANA, 146552, 2005792, Roads, 0, 0, 0, 0, 0, 0, 1485000, 1485000
2018, MADHYA PRADESH, 23, RATLAM, 382, RATLAM, 4315, BARBODANA, 146552, 2005792, Total, 0, 0, 0, 0, 0, 0, 3910000, 3910000
2018, MADHYA PRADESH, 23, RATLAM, 382, RATLAM, 4315, BARBODANA, 146552, 2005792, Water Conservation, 0, 0, 0, 0, 0, 0, 535000, 535000
2018, MADHYA PRADESH, 23, RATLAM, 382, RATLAM, 4315, BHARODA, 146555, 1979186, Agriculture, 0, 0, 0, 0, 0, 0, 503000, 503000
2018, MADHYA PRADESH, 23, RATLAM, 382, RATLAM, 4315, BHARODA, 146555, 1979186, Roads, 0, 0, 0, 0, 0, 0, 6717500, 6717500
2018, MADHYA PRADESH, 23, RATLAM, 382, RATLAM, 4315, BHARODA, 146555, 1979186, Total, 0, 0, 0, 0, 0, 0, 8043500, 8043500
2018, MADHYA PRADESH, 23, RATLAM, 382, RATLAM, 4315, BHARODA, 146555, 1979186, Water Conservation, 0, 0, 0, 0, 0, 0, 823000, 823000
2018, MADHYA PRADESH, 23, RATLAM, 382, RATLAM, 4315, BHATIBADODAYA, 146556, 1974986, Agriculture, 0, 0, 0, 0, 32026, 0, 1473000, 1505026
2018, MADHYA PRADESH, 23, RATLAM, 382, RATLAM, 4315, BHATIBADODAYA, 146556, 1974986, Drinking water, 0, 0, 0, 0, 0, 0, 100000, 100000
2018, MADHYA PRADESH, 23, RATLAM, 382, RATLAM, 4315, BHATIBADODAYA, 146556, 1974986, Roads, 0, 0, 0, 0, 0, 0, 474650, 474650
2018, MADHYA PRADESH, 23, RATLAM, 382, RATLAM, 4315, BHATIBADODAYA, 146556, 1974986, Total, 0, 0, 0, 0, 32026, 0, 2047650, 2079676
2018, MADHYA PRADESH, 23, RATLAM, 382, RATLAM, 4315, BIBDOD, 146558, 2007298, Agriculture, 0, 0, 0, 0, 0, 0, 464000, 464000
2018, MADHYA PRADESH, 23, RATLAM, 382, RATLAM, 4315, BIBDOD, 146558, 2007298, Roads, 0, 0, 0, 0, 0, 0, 1905900, 1905900
2018, MADHYA PRADESH, 23, RATLAM, 382, RATLAM, 4315, BIBDOD, 146558, 2007298, Total, 0, 0, 0, 0, 0, 0, 2369900, 2369900
2018, MADHYA PRADESH, 23, RATLAM, 382, RATLAM, 4315, BIRMAWAL, 146560, 2002700, Cultural activities, 0, 0, 1000000, 1000000, 0, 0, 0, 0
2018, MADHYA PRADESH, 23, RATLAM, 382, RATLAM, 4315, BIRMAWAL, 146560, 2002700, Markets and fairs, 0, 0, 1200000, 1200000, 0, 0, 0, 0
2018, MADHYA PRADESH, 23, RATLAM, 382, RATLAM, 4315, BIRMAWAL, 146560, 2002700, Total, 0, 0, 2200000, 2200000, 0, 0, 0, 0
2018, MADHYA PRADESH, 23, RATLAM, 382, RATLAM, 4315, CHORANA, 146561, 2006786, Agriculture, 0, 0, 0, 0, 0, 550000, 285000, 835000
2018, MADHYA PRADESH, 23, RATLAM, 382, RATLAM, 4315, CHORANA, 146561, 2006786, Land improvement, 0, 0, 0, 0, 290000, 0, 0, 290000
2018, MADHYA PRADESH, 23, RATLAM, 382, RATLAM, 4315, CHORANA, 146561, 2006786, Roads, 0, 0, 0, 0, 1050000, 1150000, 500000, 2700000
2018, MADHYA PRADESH, 23, RATLAM, 382, RATLAM, 4315, CHORANA, 146561, 2006786, Rural housing, 0, 0, 0, 0, 1200000, 1320000, 600000, 3120000
2018, MADHYA PRADESH, 23, RATLAM, 382, RATLAM, 4315, CHORANA, 146561, 2006786, Total, 0, 0, 0, 0, 2540000, 3020000, 1385000, 6945000
2018, MADHYA PRADESH, 23, RATLAM, 382, RATLAM, 4315, DELANPUR, 146564, 2007779, Agriculture, 0, 0, 0, 0, 0, 0, 460000, 460000
2018, MADHYA PRADESH, 23, RATLAM, 382, RATLAM, 4315, DELANPUR, 146564, 2007779, Roads, 0, 0, 0, 0, 0, 0, 520000, 520000
2018, MADHYA PRADESH, 23, RATLAM, 382, RATLAM, 4315, DELANPUR, 146564, 2007779, Total, 0, 0, 0, 0, 0, 0, 980000, 980000
2018, MADHYA PRADESH, 23, RATLAM, 382, RATLAM, 4315, DHAMOTAR, 146542, 2008383, Maintenance of community system, 0, 0, 0, 0, 0, 0, 100000, 100000
2018, MADHYA PRADESH, 23, RATLAM, 382, RATLAM, 4315, DHAMOTAR, 146542, 2008383, Roads, 0, 0, 0, 0, 0, 0, 330000, 330000
2018, MADHYA PRADESH, 23, RATLAM, 382, RATLAM, 4315, DHAMOTAR, 146542, 2008383, Total, 0, 0, 0, 0, 0, 0, 430000, 430000
2018, MADHYA PRADESH, 23, RATLAM, 382, RATLAM, 4315, DHANASUTA, 146566, 2009087, Land improvement, 0, 0, 0, 0, 0, 0, 1668000, 1668000
2018, MADHYA PRADESH, 23, RATLAM, 382, RATLAM, 4315, DHANASUTA, 146566, 2009087, Roads, 0, 0, 0, 0, 0, 0, 900000, 900000
2018, MADHYA PRADESH, 23, RATLAM, 382, RATLAM, 4315, DHANASUTA, 146566, 2009087, Rural housing, 0, 0, 0, 0, 0, 0, 6240000, 6240000
2018, MADHYA PRADESH, 23, RATLAM, 382, RATLAM, 4315, DHANASUTA, 146566, 2009087, Total, 0, 0, 0, 0, 0, 0, 10536000, 10536000
2018, MADHYA PRADESH, 23, RATLAM, 382, RATLAM, 4315, DHANASUTA, 146566, 2009087, Water Conservation, 0, 0, 0, 0, 0, 0, 1728000, 1728000
2018, MADHYA PRADESH, 23, RATLAM, 382, RATLAM, 4315, DHARAD, 146567, 2015447, Drinking water, 0, 0, 0, 0, 0, 88400, 265200, 353600
2018, MADHYA PRADESH, 23, RATLAM, 382, RATLAM, 4315, DHARAD, 146567, 2015447, Land improvement, 0, 0, 0, 0, 0, 0, 490000, 490000
2018, MADHYA PRADESH, 23, RATLAM, 382, RATLAM, 4315, DHARAD, 146567, 2015447, Roads, 0, 0, 0, 0, 0, 1498000, 1550000, 3048000
2018, MADHYA PRADESH, 23, RATLAM, 382, RATLAM, 4315, DHARAD, 146567, 2015447, Total, 0, 0, 0, 0, 120400, 1618400, 2944400, 4683200
2018, MADHYA PRADESH, 23, RATLAM, 382, RATLAM, 4315, DHARAD, 146567, 2015447, Water Conservation, 0, 0, 0, 0, 120400, 32000, 639200, 791600
2018, MADHYA PRADESH, 23, RATLAM, 382, RATLAM, 4315, DHIKWA, 146568, 2004854, Land improvement, 0, 0, 0, 0, 0, 0, 629000, 629000
2018, MADHYA PRADESH, 23, RATLAM, 382, RATLAM, 4315, DHIKWA, 146568, 2004854, Roads, 0, 0, 0, 0, 0, 0, 2600000, 2600000
2018, MADHYA PRADESH, 23, RATLAM, 382, RATLAM, 4315, DHIKWA, 146568, 2004854, Total, 0, 0, 0, 0, 0, 88400, 3847800, 3936200
2018, MADHYA PRADESH, 23, RATLAM, 382, RATLAM, 4315, DHIKWA, 146568, 2004854, Water Conservation, 0, 0, 0, 0, 0, 88400, 618800, 707200
2018, MADHYA PRADESH, 23, RATLAM, 382, RATLAM, 4315, DHOLKA, 146569, 2018029, Agriculture, 0, 0, 0, 0, 0, 1420000, 0, 1420000
2018, MADHYA PRADESH, 23, RATLAM, 382, RATLAM, 4315, DHOLKA, 146569, 2018029, Roads, 0, 0, 0, 0, 0, 1312050, 0, 1312050
2018, MADHYA PRADESH, 23, RATLAM, 382, RATLAM, 4315, DHOLKA, 146569, 2018029, Social welfare, 0, 0, 0, 0, 0, 1120000, 0, 1120000
2018, MADHYA PRADESH, 23, RATLAM, 382, RATLAM, 4315, DHOLKA, 146569, 2018029, Total, 0, 0, 0, 0, 0, 3852050, 0, 3852050
2018, MADHYA PRADESH, 23, RATLAM, 382, RATLAM, 4315, ETAWAKHURAD, 146572, 2012899, Agriculture, 0, 0, 0, 0, 0, 0, 568000, 568000
2018, MADHYA PRADESH, 23, RATLAM, 382, RATLAM, 4315, ETAWAKHURAD, 146572, 2012899, Roads, 0, 0, 0, 0, 0, 0, 521000, 521000
2018, MADHYA PRADESH, 23, RATLAM, 382, RATLAM, 4315, ETAWAKHURAD, 146572, 2012899, Rural housing, 0, 0, 0, 0, 0, 0, 720000, 720000
2018, MADHYA PRADESH, 23, RATLAM, 382, RATLAM, 4315, ETAWAKHURAD, 146572, 2012899, Total, 0, 0, 0, 0, 0, 0, 2093000, 2093000
2018, MADHYA PRADESH, 23, RATLAM, 382, RATLAM, 4315, ETAWAKHURAD, 146572, 2012899, Water Conservation, 0, 0, 0, 0, 0, 0, 284000, 284000
2018, MADHYA PRADESH, 23, RATLAM, 382, RATLAM, 4315, GHATLA, 146574, 2004340, Agriculture, 0, 0, 0, 0, 0, 0, 32000, 32000
2018, MADHYA PRADESH, 23, RATLAM, 382, RATLAM, 4315, GHATLA, 146574, 2004340, Roads, 0, 0, 0, 0, 0, 0, 1071850, 1071850
2018, MADHYA PRADESH, 23, RATLAM, 382, RATLAM, 4315, GHATLA, 146574, 2004340, Rural housing, 0, 0, 0, 0, 0, 0, 910000, 910000
2018, MADHYA PRADESH, 23, RATLAM, 382, RATLAM, 4315, GHATLA, 146574, 2004340, Total, 0, 0, 0, 0, 0, 0, 2013850, 2013850
2018, MADHYA PRADESH, 23, RATLAM, 382, RATLAM, 4315, HATNARA, 146578, 2009162, Rural housing, 0, 0, 0, 0, 0, 0, 960000, 960000
2018, MADHYA PRADESH, 23, RATLAM, 382, RATLAM, 4315, HATNARA, 146578, 2009162, Total, 0, 0, 0, 0, 0, 0, 960000, 960000
2018, MADHYA PRADESH, 23, RATLAM, 382, RATLAM, 4315, JARWASAKALA, 146581, 2013200, Agriculture, 0, 0, 0, 0, 0, 0, 88000, 88000
2018, MADHYA PRADESH, 23, RATLAM, 382, RATLAM, 4315, JARWASAKALA, 146581, 2013200, Rural housing, 0, 0, 0, 0, 360000, 120000, 0, 480000
2018, MADHYA PRADESH, 23, RATLAM, 382, RATLAM, 4315, JARWASAKALA, 146581, 2013200, Total, 0, 0, 0, 0, 360000, 120000, 88000, 568000
2018, MADHYA PRADESH, 23, RATLAM, 382, RATLAM, 4315, KANERI, 146588, 1975195, Agriculture, 0, 0, 0, 0, 0, 0, 1400000, 1400000
2018, MADHYA PRADESH, 23, RATLAM, 382, RATLAM, 4315, KANERI, 146588, 1975195, Family welfare, 0, 0, 0, 0, 0, 0, 251100, 251100
2018, MADHYA PRADESH, 23, RATLAM, 382, RATLAM, 4315, KANERI, 146588, 1975195, Roads, 0, 0, 0, 0, 0, 0, 1848900, 1848900
2018, MADHYA PRADESH, 23, RATLAM, 382, RATLAM, 4315, KANERI, 146588, 1975195, Total, 0, 0, 0, 0, 0, 0, 3500000, 3500000
2018, MADHYA PRADESH, 23, RATLAM, 382, RATLAM, 4315, KUAJHAGAR, 146591, 2003738, Roads, 0, 0, 0, 0, 0, 0, 1300000, 1300000
2018, MADHYA PRADESH, 23, RATLAM, 382, RATLAM, 4315, KUAJHAGAR, 146591, 2003738, Total, 0, 0, 0, 0, 0, 0, 1530000, 1530000
2018, MADHYA PRADESH, 23, RATLAM, 382, RATLAM, 4315, KUAJHAGAR, 146591, 2003738, Water Conservation, 0, 0, 0, 0, 0, 0, 230000, 230000
2018, MADHYA PRADESH, 23, RATLAM, 382, RATLAM, 4315, LUNERA, 146595, 1990605, Agriculture, 0, 0, 0, 0, 0, 0, 376800, 376800
2018, MADHYA PRADESH, 23, RATLAM, 382, RATLAM, 4315, LUNERA, 146595, 1990605, Roads, 0, 0, 320000, 320000, 0, 0, 300000, 300000
2018, MADHYA PRADESH, 23, RATLAM, 382, RATLAM, 4315, LUNERA, 146595, 1990605, Rural housing, 0, 0, 0, 0, 360000, 120000, 480000, 960000
2018, MADHYA PRADESH, 23, RATLAM, 382, RATLAM, 4315, LUNERA, 146595, 1990605, Total, 0, 0, 320000, 320000, 360000, 120000, 1156800, 1636800
2018, MADHYA PRADESH, 23, RATLAM, 382, RATLAM, 4315, MALWASA, 146596, 2028990, Agriculture, 0, 0, 0, 0, 0, 0, 400000, 400000
2018, MADHYA PRADESH, 23, RATLAM, 382, RATLAM, 4315, MALWASA, 146596, 2028990, Land improvement, 0, 0, 0, 0, 0, 0, 353000, 353000
2018, MADHYA PRADESH, 23, RATLAM, 382, RATLAM, 4315, MALWASA, 146596, 2028990, Rural housing, 0, 0, 0, 0, 360000, 600000, 480000, 1440000
2018, MADHYA PRADESH, 23, RATLAM, 382, RATLAM, 4315, MALWASA, 146596, 2028990, Total, 0, 0, 0, 0, 360000, 600000, 1233000, 2193000
2018, MADHYA PRADESH, 23, RATLAM, 382, RATLAM, 4315, MORDA, 146600, 2005120, Agriculture, 0, 0, 0, 0, 0, 0, 230000, 230000
2018, MADHYA PRADESH, 23, RATLAM, 382, RATLAM, 4315, MORDA, 146600, 2005120, Drinking water, 0, 0, 0, 0, 0, 0, 95000, 95000
2018, MADHYA PRADESH, 23, RATLAM, 382, RATLAM, 4315, MORDA, 146600, 2005120, Roads, 0, 0, 0, 0, 0, 0, 900000, 900000
2018, MADHYA PRADESH, 23, RATLAM, 382, RATLAM, 4315, MORDA, 146600, 2005120, Total, 0, 0, 0, 0, 0, 0, 1225000, 1225000
2018, MADHYA PRADESH, 23, RATLAM, 382, RATLAM, 4315, NAGRA, 146603, 2004767, Agriculture, 0, 0, 0, 0, 0, 0, 568000, 568000
2018, MADHYA PRADESH, 23, RATLAM, 382, RATLAM, 4315, NAGRA, 146603, 2004767, Roads, 0, 0, 0, 0, 0, 0, 2388880, 2388880
2018, MADHYA PRADESH, 23, RATLAM, 382, RATLAM, 4315, NAGRA, 146603, 2004767, Rural housing, 0, 0, 0, 0, 0, 0, 1440000, 1440000
2018, MADHYA PRADESH, 23, RATLAM, 382, RATLAM, 4315, NAGRA, 146603, 2004767, Total, 0, 0, 0, 0, 0, 0, 4396880, 4396880
2018, MADHYA PRADESH, 23, RATLAM, 382, RATLAM, 4315, NAUGAWANJAGIR, 146607, 2019525, GP Office Infrastructure, 0, 0, 0, 0, 0, 0, 200000, 200000
2018, MADHYA PRADESH, 23, RATLAM, 382, RATLAM, 4315, NAUGAWANJAGIR, 146607, 2019525, Roads, 0, 0, 0, 0, 200000, 400000, 1200000, 1800000
2018, MADHYA PRADESH, 23, RATLAM, 382, RATLAM, 4315, NAUGAWANJAGIR, 146607, 2019525, Rural housing, 0, 0, 0, 0, 120000, 360000, 120000, 600000
2018, MADHYA PRADESH, 23, RATLAM, 382, RATLAM, 4315, NAUGAWANJAGIR, 146607, 2019525, Total, 0, 0, 0, 0, 320000, 760000, 1520000, 2600000
2018, MADHYA PRADESH, 23, RATLAM, 382, RATLAM, 4315, NEGDADA, 146606, 2006522, Agriculture, 0, 0, 0, 0, 0, 0, 834000, 834000
2018, MADHYA PRADESH, 23, RATLAM, 382, RATLAM, 4315, NEGDADA, 146606, 2006522, Roads, 0, 0, 0, 0, 0, 0, 82000, 82000
2018, MADHYA PRADESH, 23, RATLAM, 382, RATLAM, 4315, NEGDADA, 146606, 2006522, Total, 0, 0, 0, 0, 0, 0, 916000, 916000
2018, MADHYA PRADESH, 23, RATLAM, 382, RATLAM, 4315, PALSODA, 146611, 1978314, Roads, 0, 0, 0, 0, 0, 0, 5114800, 5114800
2018, MADHYA PRADESH, 23, RATLAM, 382, RATLAM, 4315, PALSODA, 146611, 1978314, Rural electrification, 0, 0, 0, 0, 0, 0, 1000000, 1000000
2018, MADHYA PRADESH, 23, RATLAM, 382, RATLAM, 4315, PALSODA, 146611, 1978314, Rural housing, 0, 0, 0, 0, 0, 0, 500000, 500000
2018, MADHYA PRADESH, 23, RATLAM, 382, RATLAM, 4315, PALSODA, 146611, 1978314, Total, 0, 0, 0, 0, 0, 0, 6614800, 6614800
2018, MADHYA PRADESH, 23, RATLAM, 382, RATLAM, 4315, PIPALKHUNTA, 146614, 2005364, Agriculture, 0, 0, 0, 0, 0, 0, 400000, 400000
2018, MADHYA PRADESH, 23, RATLAM, 382, RATLAM, 4315, PIPALKHUNTA, 146614, 2005364, Drinking water, 0, 0, 0, 0, 0, 0, 210000, 210000
2018, MADHYA PRADESH, 23, RATLAM, 382, RATLAM, 4315, PIPALKHUNTA, 146614, 2005364, Public distribution system, 0, 0, 0, 0, 0, 0, 210000, 210000
2018, MADHYA PRADESH, 23, RATLAM, 382, RATLAM, 4315, PIPALKHUNTA, 146614, 2005364, Total, 0, 0, 0, 0, 0, 0, 820000, 820000
2018, MADHYA PRADESH, 23, RATLAM, 382, RATLAM, 4315, PIPLODI, 146615, 2030047, GP Office Infrastructure, 0, 0, 0, 0, 0, 0, 250000, 250000
2018, MADHYA PRADESH, 23, RATLAM, 382, RATLAM, 4315, PIPLODI, 146615, 2030047, Roads, 0, 0, 0, 0, 0, 0, 6736100, 6736100
2018, MADHYA PRADESH, 23, RATLAM, 382, RATLAM, 4315, PIPLODI, 146615, 2030047, Total, 0, 0, 0, 0, 0, 0, 6986100, 6986100
2018, MADHYA PRADESH, 23, RATLAM, 382, RATLAM, 4315, RATTAGARKHEDA, 146619, 2009438, Roads, 0, 0, 0, 0, 0, 0, 3836000, 3836000
2018, MADHYA PRADESH, 23, RATLAM, 382, RATLAM, 4315, RATTAGARKHEDA, 146619, 2009438, Total, 0, 0, 0, 0, 0, 0, 4600000, 4600000
2018, MADHYA PRADESH, 23, RATLAM, 382, RATLAM, 4315, RATTAGARKHEDA, 146619, 2009438, Water Conservation, 0, 0, 0, 0, 0, 0, 764000, 764000
2018, MADHYA PRADESH, 23, RATLAM, 382, RATLAM, 4315, RUGHNATHGARH, 146620, 2009398, Agriculture, 0, 0, 0, 0, 0, 0, 230000, 230000
2018, MADHYA PRADESH, 23, RATLAM, 382, RATLAM, 4315, RUGHNATHGARH, 146620, 2009398, Roads, 0, 0, 0, 0, 0, 0, 950000, 950000
2018, MADHYA PRADESH, 23, RATLAM, 382, RATLAM, 4315, RUGHNATHGARH, 146620, 2009398, Total, 0, 0, 0, 0, 0, 0, 1180000, 1180000
2018, MADHYA PRADESH, 23, RATLAM, 382, RATLAM, 4315, SAGOD, 146627, 2003889, Agriculture, 0, 0, 0, 0, 0, 0, 1498000, 1498000
2018, MADHYA PRADESH, 23, RATLAM, 382, RATLAM, 4315, SAGOD, 146627, 2003889, Roads, 0, 0, 0, 0, 2900000, 0, 978115, 3878115
2018, MADHYA PRADESH, 23, RATLAM, 382, RATLAM, 4315, SAGOD, 146627, 2003889, Total, 0, 0, 0, 0, 2900000, 0, 2476115, 5376115
2018, MADHYA PRADESH, 23, RATLAM, 382, RATLAM, 4315, SAJAWATA, 146621, 2015011, Drinking water, 0, 0, 150000, 150000, 0, 0, 0, 0
2018, MADHYA PRADESH, 23, RATLAM, 382, RATLAM, 4315, SAJAWATA, 146621, 2015011, Roads, 0, 0, 1100000, 1100000, 0, 0, 0, 0
2018, MADHYA PRADESH, 23, RATLAM, 382, RATLAM, 4315, SAJAWATA, 146621, 2015011, Social welfare, 0, 0, 0, 0, 1500000, 0, 0, 1500000
2018, MADHYA PRADESH, 23, RATLAM, 382, RATLAM, 4315, SAJAWATA, 146621, 2015011, Total, 0, 0, 1250000, 1250000, 1500000, 0, 0, 1500000
2018, MADHYA PRADESH, 23, RATLAM, 382, RATLAM, 4315, SALAKHEDI, 146622, 2006690, Agriculture, 0, 0, 0, 0, 0, 0, 140000, 140000
2018, MADHYA PRADESH, 23, RATLAM, 382, RATLAM, 4315, SALAKHEDI, 146622, 2006690, Roads, 0, 0, 0, 0, 0, 0, 756000, 756000
2018, MADHYA PRADESH, 23, RATLAM, 382, RATLAM, 4315, SALAKHEDI, 146622, 2006690, Total, 0, 0, 0, 0, 0, 0, 896000, 896000
2018, MADHYA PRADESH, 23, RATLAM, 382, RATLAM, 4315, SEWARIYA, 146628, 2009200, Land improvement, 0, 0, 0, 0, 0, 0, 30000, 30000
2018, MADHYA PRADESH, 23, RATLAM, 382, RATLAM, 4315, SEWARIYA, 146628, 2009200, Roads, 0, 0, 0, 0, 0, 0, 1630000, 1630000
2018, MADHYA PRADESH, 23, RATLAM, 382, RATLAM, 4315, SEWARIYA, 146628, 2009200, Total, 0, 0, 0, 0, 0, 0, 1660000, 1660000
2018, MADHYA PRADESH, 23, RATLAM, 382, RATLAM, 4315, SHIVPUR, 146629, 2005124, Agriculture, 0, 0, 0, 0, 0, 0, 200000, 200000
2018, MADHYA PRADESH, 23, RATLAM, 382, RATLAM, 4315, SHIVPUR, 146629, 2005124, Drinking water, 0, 0, 0, 0, 0, 0, 5500000, 5500000
2018, MADHYA PRADESH, 23, RATLAM, 382, RATLAM, 4315, SHIVPUR, 146629, 2005124, Land improvement, 0, 0, 0, 0, 0, 0, 500000, 500000
2018, MADHYA PRADESH, 23, RATLAM, 382, RATLAM, 4315, SHIVPUR, 146629, 2005124, Roads, 0, 0, 0, 0, 0, 0, 459000, 459000
2018, MADHYA PRADESH, 23, RATLAM, 382, RATLAM, 4315, SHIVPUR, 146629, 2005124, Rural housing, 0, 0, 0, 0, 0, 120000, 120000, 240000
2018, MADHYA PRADESH, 23, RATLAM, 382, RATLAM, 4315, SHIVPUR, 146629, 2005124, Total, 0, 0, 0, 0, 0, 120000, 6779000, 6899000
2018, MADHYA PRADESH, 23, RATLAM, 382, RATLAM, 4315, TITRI, 146635, 2014180, Roads, 0, 0, 0, 0, 0, 0, 2500000, 2500000
2018, MADHYA PRADESH, 23, RATLAM, 382, RATLAM, 4315, TITRI, 146635, 2014180, Total, 0, 0, 0, 0, 0, 0, 2800000, 2800000
2018, MADHYA PRADESH, 23, RATLAM, 382, RATLAM, 4315, TITRI, 146635, 2014180, Water Conservation, 0, 0, 0, 0, 0, 0, 300000, 300000
2018, MADHYA PRADESH, 23, RATLAM, 382, RATLAM, 4315, UMARAN, 146636, 1979049, Agriculture, 0, 0, 0, 0, 0, 0, 690000, 690000
2018, MADHYA PRADESH, 23, RATLAM, 382, RATLAM, 4315, UMARAN, 146636, 1979049, Roads, 0, 0, 0, 0, 0, 0, 1400000, 1400000
2018, MADHYA PRADESH, 23, RATLAM, 382, RATLAM, 4315, UMARAN, 146636, 1979049, Total, 0, 0, 0, 0, 0, 0, 2090000, 2090000
2018, MADHYA PRADESH, 23, RATLAM, 382, RATLAM, 4315, UMARTHANA, 146637, 2073852, Roads, 0, 0, 0, 0, 0, 0, 3903750, 3903750
2018, MADHYA PRADESH, 23, RATLAM, 382, RATLAM, 4315, UMARTHANA, 146637, 2073852, Total, 0, 0, 0, 0, 0, 0, 4893750, 4893750
2018, MADHYA PRADESH, 23, RATLAM, 382, RATLAM, 4315, UMARTHANA, 146637, 2073852, Water Conservation, 0, 0, 0, 0, 0, 0, 990000, 990000
2018, MADHYA PRADESH, 23, RATLAM, 382, RATLAM, 4315, USARGAR, 146638, 2007263, Agriculture, 0, 0, 0, 0, 0, 0, 284000, 284000
2018, MADHYA PRADESH, 23, RATLAM, 382, RATLAM, 4315, USARGAR, 146638, 2007263, Land improvement, 0, 0, 0, 0, 0, 0, 245000, 245000
2018, MADHYA PRADESH, 23, RATLAM, 382, RATLAM, 4315, USARGAR, 146638, 2007263, Total, 0, 0, 0, 0, 0, 0, 529000, 529000
2018, MADHYA PRADESH, 23, RATLAM, 382, SAILANA, 4316, BERDA, 146643, 2022074, Roads, 0, 0, 452500, 452500, 0, 0, 0, 0
2018, MADHYA PRADESH, 23, RATLAM, 382, SAILANA, 4316, BERDA, 146643, 2022074, Rural housing, 0, 0, 0, 0, 0, 33000000, 0, 33000000
2018, MADHYA PRADESH, 23, RATLAM, 382, SAILANA, 4316, BERDA, 146643, 2022074, Total, 0, 0, 452500, 452500, 0, 33000000, 2150000, 35150000
2018, MADHYA PRADESH, 23, RATLAM, 382, SAILANA, 4316, BERDA, 146643, 2022074, Water Conservation, 0, 0, 0, 0, 0, 0, 2150000, 2150000
2018, MADHYA PRADESH, 23, RATLAM, 382, SAILANA, 4316, GUDBHILI, 146657, 2023708, Agriculture, 0, 0, 0, 0, 0, 0, 500000, 500000
2018, MADHYA PRADESH, 23, RATLAM, 382, SAILANA, 4316, GUDBHILI, 146657, 2023708, Roads, 0, 0, 121668, 121668, 0, 0, 2609250, 2609250
2018, MADHYA PRADESH, 23, RATLAM, 382, SAILANA, 4316, GUDBHILI, 146657, 2023708, Rural housing, 0, 0, 0, 0, 0, 10800000, 0, 10800000
2018, MADHYA PRADESH, 23, RATLAM, 382, SAILANA, 4316, GUDBHILI, 146657, 2023708, Total, 0, 0, 121668, 121668, 0, 10800000, 6409250, 17209250
2018, MADHYA PRADESH, 23, RATLAM, 382, SAILANA, 4316, GUDBHILI, 146657, 2023708, Water Conservation, 0, 0, 0, 0, 0, 0, 3300000, 3300000
2018, MADHYA PRADESH, 23, RATLAM, 382, SAILANA, 4316, KANGSI, 146661, 2022624, Agriculture, 0, 0, 0, 0, 0, 0, 500000, 500000
2018, MADHYA PRADESH, 23, RATLAM, 382, SAILANA, 4316, KANGSI, 146661, 2022624, Roads, 0, 0, 510000, 510000, 0, 0, 1890000, 1890000
2018, MADHYA PRADESH, 23, RATLAM, 382, SAILANA, 4316, KANGSI, 146661, 2022624, Rural housing, 0, 0, 0, 0, 0, 23280000, 0, 23280000
2018, MADHYA PRADESH, 23, RATLAM, 382, SAILANA, 4316, KANGSI, 146661, 2022624, Total, 0, 0, 510000, 510000, 0, 23280000, 2390000, 25670000
2018, MADHYA PRADESH, 23, RATLAM, 382, SAILANA, 4316, KUWAJHAGAR, 146666, 2033196, Agriculture, 0, 0, 0, 0, 0, 0, 400000, 400000
2018, MADHYA PRADESH, 23, RATLAM, 382, SAILANA, 4316, KUWAJHAGAR, 146666, 2033196, Land improvement, 0, 0, 0, 0, 0, 0, 1000000, 1000000
2018, MADHYA PRADESH, 23, RATLAM, 382, SAILANA, 4316, KUWAJHAGAR, 146666, 2033196, Roads, 0, 0, 0, 0, 0, 0, 1700000, 1700000
2018, MADHYA PRADESH, 23, RATLAM, 382, SAILANA, 4316, KUWAJHAGAR, 146666, 2033196, Total, 0, 0, 0, 0, 0, 0, 3100000, 3100000
2018, MADHYA PRADESH, 23, RATLAM, 382, SAILANA, 4316, SALRAPADA, 146675, 2021816, Roads, 0, 0, 0, 0, 0, 0, 1400000, 1400000
2018, MADHYA PRADESH, 23, RATLAM, 382, SAILANA, 4316, SALRAPADA, 146675, 2021816, Total, 0, 0, 0, 0, 0, 0, 1400000, 1400000
2018, MADHYA PRADESH, 23, RATLAM, 382, SAILANA, 4316, SEMALKHEDA, 146677, 2013737, Agriculture, 0, 0, 0, 0, 0, 1500000, 2000000, 3500000
2018, MADHYA PRADESH, 23, RATLAM, 382, SAILANA, 4316, SEMALKHEDA, 146677, 2013737, Roads, 0, 0, 0, 0, 0, 0, 1594700, 1594700
2018, MADHYA PRADESH, 23, RATLAM, 382, SAILANA, 4316, SEMALKHEDA, 146677, 2013737, Total, 0, 0, 0, 0, 0, 1500000, 3594700, 5094700
2018, MADHYA PRADESH, 23, RATLAM, 382, SAILANA, 4316, SUNDI, 146682, 2031587, Drinking water, 0, 0, 0, 0, 0, 750000, 750000, 1500000
2018, MADHYA PRADESH, 23, RATLAM, 382, SAILANA, 4316, SUNDI, 146682, 2031587, Roads, 0, 0, 0, 0, 0, 0, 459000, 459000
2018, MADHYA PRADESH, 23, RATLAM, 382, SAILANA, 4316, SUNDI, 146682, 2031587, Total, 0, 0, 0, 0, 0, 2250000, 1209000, 3459000
2018, MADHYA PRADESH, 23, RATLAM, 382, SAILANA, 4316, SUNDI, 146682, 2031587, Water Conservation, 0, 0, 0, 0, 0, 1500000, 0, 1500000
2018, MADHYA PRADESH, 23, RATLAM, 382, SAILANA, 4316, TALAB BORDE, 146683, 2011956, Agriculture, 0, 0, 0, 0, 0, 0, 460000, 460000
2018, MADHYA PRADESH, 23, RATLAM, 382, SAILANA, 4316, TALAB BORDE, 146683, 2011956, Roads, 0, 0, 0, 0, 0, 0, 1650000, 1650000
2018, MADHYA PRADESH, 23, RATLAM, 382, SAILANA, 4316, TALAB BORDE, 146683, 2011956, Rural housing, 0, 0, 0, 0, 0, 4800000, 480000, 5280000
2018, MADHYA PRADESH, 23, RATLAM, 382, SAILANA, 4316, TALAB BORDE, 146683, 2011956, Social welfare, 0, 0, 0, 0, 0, 0, 90000, 90000
2018, MADHYA PRADESH, 23, RATLAM, 382, SAILANA, 4316, TALAB BORDE, 146683, 2011956, Total, 0, 0, 0, 0, 0, 4800000, 2680000, 7480000
2018, MADHYA PRADESH, 23, SAGAR, 384, JAISINAGAR, 4329, AGARIYA (P), 147717, 2242973, Drinking water, 0, 0, 0, 0, 0, 0, 53000, 53000
2018, MADHYA PRADESH, 23, SAGAR, 384, JAISINAGAR, 4329, AGARIYA (P), 147717, 2242973, Maintenance of community system, 0, 0, 0, 0, 0, 0, 100000, 100000
2018, MADHYA PRADESH, 23, SAGAR, 384, JAISINAGAR, 4329, AGARIYA (P), 147717, 2242973, Sanitation, 0, 0, 0, 0, 0, 0, 280000, 280000
2018, MADHYA PRADESH, 23, SAGAR, 384, JAISINAGAR, 4329, AGARIYA (P), 147717, 2242973, Social welfare, 0, 0, 0, 0, 0, 0, 250000, 250000
2018, MADHYA PRADESH, 23, SAGAR, 384, JAISINAGAR, 4329, AGARIYA (P), 147717, 2242973, Total, 0, 0, 0, 0, 0, 0, 683000, 683000
